id,name,created_at,updated_at
1,A# .NET,2020-03-20 14:28:23,2020-03-20 14:30:23
2,A# (Axiom),2020-03-20 14:28:23,2020-03-20 14:30:23
3,A-0 System,2020-03-20 14:28:23,2020-03-20 14:30:23
4,A+,2020-03-20 14:28:23,2020-03-20 14:30:23
5,A++,2020-03-20 14:28:23,2020-03-20 14:30:23
6,ABAP,2020-03-20 14:28:23,2020-03-20 14:30:23
7,ABC,2020-03-20 14:28:23,2020-03-20 14:30:23
8,ABC ALGOL,2020-03-20 14:28:23,2020-03-20 14:30:23
9,ABSET,2020-03-20 14:28:23,2020-03-20 14:30:23
10,ABSYS,2020-03-20 14:28:23,2020-03-20 14:30:23
11,ACC,2020-03-20 14:28:23,2020-03-20 14:30:23
12,Accent,2020-03-20 14:28:23,2020-03-20 14:30:23
13,Ace DASL,2020-03-20 14:28:23,2020-03-20 14:30:23
14,ACL2,2020-03-20 14:28:23,2020-03-20 14:30:23
15,ACT-III,2020-03-20 14:28:23,2020-03-20 14:30:23
16,Action!,2020-03-20 14:28:23,2020-03-20 14:30:23
17,ActionScript,2020-03-20 14:28:23,2020-03-20 14:30:23
18,Ada,2020-03-20 14:28:23,2020-03-20 14:30:23
19,Adenine,2020-03-20 14:28:23,2020-03-20 14:30:23
20,Agda,2020-03-20 14:28:23,2020-03-20 14:30:23
21,Agilent VEE,2020-03-20 14:28:23,2020-03-20 14:30:23
22,Agora,2020-03-20 14:28:23,2020-03-20 14:30:23
23,AIMMS,2020-03-20 14:28:23,2020-03-20 14:30:23
24,Alef,2020-03-20 14:28:23,2020-03-20 14:30:23
25,ALF,2020-03-20 14:28:23,2020-03-20 14:30:23
26,ALGOL 58,2020-03-20 14:28:23,2020-03-20 14:30:23
27,ALGOL 60,2020-03-20 14:28:23,2020-03-20 14:30:23
28,ALGOL 68,2020-03-20 14:28:23,2020-03-20 14:30:23
29,ALGOL W,2020-03-20 14:28:23,2020-03-20 14:30:23
30,Alice,2020-03-20 14:28:23,2020-03-20 14:30:23
31,Alma-0,2020-03-20 14:28:23,2020-03-20 14:30:23
32,AmbientTalk,2020-03-20 14:28:23,2020-03-20 14:30:23
33,Amiga E,2020-03-20 14:28:23,2020-03-20 14:30:23
34,AMOS,2020-03-20 14:28:23,2020-03-20 14:30:23
35,AMPL,2020-03-20 14:28:23,2020-03-20 14:30:23
36,Apex (Salesforce.com),2020-03-20 14:28:23,2020-03-20 14:30:23
37,APL,2020-03-20 14:28:23,2020-03-20 14:30:23
38,App Inventor for Android's visual block language,2020-03-20 14:28:23,2020-03-20 14:30:23
39,AppleScript,2020-03-20 14:28:23,2020-03-20 14:30:23
40,Arc,2020-03-20 14:28:23,2020-03-20 14:30:23
41,ARexx,2020-03-20 14:28:23,2020-03-20 14:30:23
42,Argus,2020-03-20 14:28:23,2020-03-20 14:30:23
43,AspectJ,2020-03-20 14:28:23,2020-03-20 14:30:23
44,Assembly language,2020-03-20 14:28:23,2020-03-20 14:30:23
45,ATS,2020-03-20 14:28:23,2020-03-20 14:30:23
46,Ateji PX,2020-03-20 14:28:23,2020-03-20 14:30:23
47,AutoHotkey,2020-03-20 14:28:23,2020-03-20 14:30:23
48,Autocoder,2020-03-20 14:28:23,2020-03-20 14:30:23
49,AutoIt,2020-03-20 14:28:23,2020-03-20 14:30:23
50,AutoLISP / Visual LISP,2020-03-20 14:28:23,2020-03-20 14:30:23
51,Averest,2020-03-20 14:28:23,2020-03-20 14:30:23
52,AWK,2020-03-20 14:28:23,2020-03-20 14:30:23
53,Axum,2020-03-20 14:28:23,2020-03-20 14:30:23
54,B,2020-03-20 14:28:23,2020-03-20 14:30:23
55,Babbage,2020-03-20 14:28:23,2020-03-20 14:30:23
56,Bash,2020-03-20 14:28:23,2020-03-20 14:30:23
57,BASIC,2020-03-20 14:28:23,2020-03-20 14:30:23
58,bc,2020-03-20 14:28:23,2020-03-20 14:30:23
59,BCPL,2020-03-20 14:28:23,2020-03-20 14:30:23
60,BeanShell,2020-03-20 14:28:23,2020-03-20 14:30:23
61,Batch (Windows/Dos),2020-03-20 14:28:23,2020-03-20 14:30:23
62,Bertrand,2020-03-20 14:28:23,2020-03-20 14:30:23
63,BETA,2020-03-20 14:28:23,2020-03-20 14:30:23
64,Bigwig,2020-03-20 14:28:23,2020-03-20 14:30:23
65,Bistro,2020-03-20 14:28:23,2020-03-20 14:30:23
66,BitC,2020-03-20 14:28:23,2020-03-20 14:30:23
67,BLISS,2020-03-20 14:28:23,2020-03-20 14:30:23
68,Blockly,2020-03-20 14:28:23,2020-03-20 14:30:23
69,BlooP,2020-03-20 14:28:23,2020-03-20 14:30:23
70,Blue,2020-03-20 14:28:23,2020-03-20 14:30:23
71,Boo,2020-03-20 14:28:23,2020-03-20 14:30:23
72,Boomerang,2020-03-20 14:28:23,2020-03-20 14:30:23
73,Bourne shell (including,2020-03-20 14:28:23,2020-03-20 14:30:23
74,bash and,2020-03-20 14:28:23,2020-03-20 14:30:23
75,ksh ),2020-03-20 14:28:23,2020-03-20 14:30:23
76,BREW,2020-03-20 14:28:23,2020-03-20 14:30:23
77,BPEL,2020-03-20 14:28:23,2020-03-20 14:30:23
78,C,2020-03-20 14:28:23,2020-03-20 14:30:23
79,C--,2020-03-20 14:28:23,2020-03-20 14:30:23
80,C++ – ISO/IEC 14882,2020-03-20 14:28:23,2020-03-20 14:30:23
81,C# – ISO/IEC 23270,2020-03-20 14:28:23,2020-03-20 14:30:23
82,C/AL,2020-03-20 14:28:23,2020-03-20 14:30:23
83,Caché ObjectScript,2020-03-20 14:28:23,2020-03-20 14:30:23
84,C Shell,2020-03-20 14:28:23,2020-03-20 14:30:23
85,Caml,2020-03-20 14:28:23,2020-03-20 14:30:23
86,Cayenne,2020-03-20 14:28:23,2020-03-20 14:30:23
87,CDuce,2020-03-20 14:28:23,2020-03-20 14:30:23
88,Cecil,2020-03-20 14:28:23,2020-03-20 14:30:23
89,Cel,2020-03-20 14:28:23,2020-03-20 14:30:23
90,Cesil,2020-03-20 14:28:23,2020-03-20 14:30:23
91,Ceylon,2020-03-20 14:28:23,2020-03-20 14:30:23
92,CFEngine,2020-03-20 14:28:23,2020-03-20 14:30:23
93,CFML,2020-03-20 14:28:23,2020-03-20 14:30:23
94,Cg,2020-03-20 14:28:23,2020-03-20 14:30:23
95,Ch,2020-03-20 14:28:23,2020-03-20 14:30:23
96,Chapel,2020-03-20 14:28:23,2020-03-20 14:30:23
97,CHAIN,2020-03-20 14:28:23,2020-03-20 14:30:23
98,Charity,2020-03-20 14:28:23,2020-03-20 14:30:23
99,Charm,2020-03-20 14:28:23,2020-03-20 14:30:23
100,Chef,2020-03-20 14:28:23,2020-03-20 14:30:23
101,CHILL,2020-03-20 14:28:23,2020-03-20 14:30:23
102,CHIP-8,2020-03-20 14:28:23,2020-03-20 14:30:23
103,chomski,2020-03-20 14:28:23,2020-03-20 14:30:23
104,ChucK,2020-03-20 14:28:23,2020-03-20 14:30:23
105,CICS,2020-03-20 14:28:23,2020-03-20 14:30:23
106,Cilk,2020-03-20 14:28:23,2020-03-20 14:30:23
107,Citrine (programming language),2020-03-20 14:28:23,2020-03-20 14:30:23
108,CL (IBM),2020-03-20 14:28:23,2020-03-20 14:30:23
109,Claire,2020-03-20 14:28:23,2020-03-20 14:30:23
110,Clarion,2020-03-20 14:28:23,2020-03-20 14:30:23
111,Clean,2020-03-20 14:28:23,2020-03-20 14:30:23
112,Clipper,2020-03-20 14:28:23,2020-03-20 14:30:23
113,CLIST,2020-03-20 14:28:23,2020-03-20 14:30:23
114,Clojure,2020-03-20 14:28:23,2020-03-20 14:30:23
115,CLU,2020-03-20 14:28:23,2020-03-20 14:30:23
116,CMS-2,2020-03-20 14:28:23,2020-03-20 14:30:23
117,COBOL – ISO/IEC 1989,2020-03-20 14:28:23,2020-03-20 14:30:23
118,Cobra,2020-03-20 14:28:23,2020-03-20 14:30:23
119,CODE,2020-03-20 14:28:23,2020-03-20 14:30:23
120,CoffeeScript,2020-03-20 14:28:23,2020-03-20 14:30:23
121,ColdFusion,2020-03-20 14:28:23,2020-03-20 14:30:23
122,COMAL,2020-03-20 14:28:23,2020-03-20 14:30:23
123,Combined Programming Language (CPL),2020-03-20 14:28:23,2020-03-20 14:30:23
124,COMIT,2020-03-20 14:28:23,2020-03-20 14:30:23
125,Common Intermediate Language (CIL),2020-03-20 14:28:23,2020-03-20 14:30:23
126,Common Lisp (also known as CL),2020-03-20 14:28:23,2020-03-20 14:30:23
127,COMPASS,2020-03-20 14:28:23,2020-03-20 14:30:23
128,Component Pascal,2020-03-20 14:28:23,2020-03-20 14:30:23
129,Constraint Handling Rules (CHR),2020-03-20 14:28:23,2020-03-20 14:30:23
130,Converge,2020-03-20 14:28:23,2020-03-20 14:30:23
131,Cool,2020-03-20 14:28:23,2020-03-20 14:30:23
132,Coq,2020-03-20 14:28:23,2020-03-20 14:30:23
133,Coral 66,2020-03-20 14:28:23,2020-03-20 14:30:23
134,Corn,2020-03-20 14:28:23,2020-03-20 14:30:23
135,CorVision,2020-03-20 14:28:23,2020-03-20 14:30:23
136,COWSEL,2020-03-20 14:28:23,2020-03-20 14:30:23
137,CPL,2020-03-20 14:28:23,2020-03-20 14:30:23
138,Cryptol,2020-03-20 14:28:23,2020-03-20 14:30:23
139,csh,2020-03-20 14:28:23,2020-03-20 14:30:23
140,Csound,2020-03-20 14:28:23,2020-03-20 14:30:23
141,CSP,2020-03-20 14:28:23,2020-03-20 14:30:23
142,CUDA,2020-03-20 14:28:23,2020-03-20 14:30:23
143,Curl,2020-03-20 14:28:23,2020-03-20 14:30:23
144,Curry,2020-03-20 14:28:23,2020-03-20 14:30:23
145,Cyclone,2020-03-20 14:28:23,2020-03-20 14:30:23
146,Cython,2020-03-20 14:28:23,2020-03-20 14:30:23
147,D,2020-03-20 14:28:23,2020-03-20 14:30:23
148,DASL (Datapoint's Advanced Systems Language),2020-03-20 14:28:23,2020-03-20 14:30:23
149,DASL (Distributed Application Specification Language),2020-03-20 14:28:23,2020-03-20 14:30:23
150,Dart,2020-03-20 14:28:23,2020-03-20 14:30:23
151,DataFlex,2020-03-20 14:28:23,2020-03-20 14:30:23
152,Datalog,2020-03-20 14:28:23,2020-03-20 14:30:23
153,DATATRIEVE,2020-03-20 14:28:23,2020-03-20 14:30:23
154,dBase,2020-03-20 14:28:23,2020-03-20 14:30:23
155,dc,2020-03-20 14:28:23,2020-03-20 14:30:23
156,DCL,2020-03-20 14:28:23,2020-03-20 14:30:23
157,Deesel (formerly G),2020-03-20 14:28:23,2020-03-20 14:30:23
158,Delphi,2020-03-20 14:28:23,2020-03-20 14:30:23
159,DinkC,2020-03-20 14:28:23,2020-03-20 14:30:23
160,DIBOL,2020-03-20 14:28:23,2020-03-20 14:30:23
161,Dog,2020-03-20 14:28:23,2020-03-20 14:30:23
162,Draco,2020-03-20 14:28:23,2020-03-20 14:30:23
163,DRAKON,2020-03-20 14:28:23,2020-03-20 14:30:23
164,Dylan,2020-03-20 14:28:23,2020-03-20 14:30:23
165,DYNAMO,2020-03-20 14:28:23,2020-03-20 14:30:23
166,E,2020-03-20 14:28:23,2020-03-20 14:30:23
167,E#,2020-03-20 14:28:23,2020-03-20 14:30:23
168,Ease,2020-03-20 14:28:23,2020-03-20 14:30:23
169,Easy PL/I,2020-03-20 14:28:23,2020-03-20 14:30:23
170,Easy Programming Language,2020-03-20 14:28:23,2020-03-20 14:30:23
171,EASYTRIEVE PLUS,2020-03-20 14:28:23,2020-03-20 14:30:23
172,ECMAScript,2020-03-20 14:28:23,2020-03-20 14:30:23
173,Edinburgh IMP,2020-03-20 14:28:23,2020-03-20 14:30:23
174,EGL,2020-03-20 14:28:23,2020-03-20 14:30:23
175,Eiffel,2020-03-20 14:28:23,2020-03-20 14:30:23
176,ELAN,2020-03-20 14:28:23,2020-03-20 14:30:23
177,Elixir,2020-03-20 14:28:23,2020-03-20 14:30:23
178,Elm,2020-03-20 14:28:23,2020-03-20 14:30:23
179,Emacs Lisp,2020-03-20 14:28:23,2020-03-20 14:30:23
180,Emerald,2020-03-20 14:28:23,2020-03-20 14:30:23
181,Epigram,2020-03-20 14:28:23,2020-03-20 14:30:23
182,EPL,2020-03-20 14:28:23,2020-03-20 14:30:23
183,Erlang,2020-03-20 14:28:23,2020-03-20 14:30:23
184,es,2020-03-20 14:28:23,2020-03-20 14:30:23
185,Escher,2020-03-20 14:28:23,2020-03-20 14:30:23
186,ESPOL,2020-03-20 14:28:23,2020-03-20 14:30:23
187,Esterel,2020-03-20 14:28:23,2020-03-20 14:30:23
188,Etoys,2020-03-20 14:28:23,2020-03-20 14:30:23
189,Euclid,2020-03-20 14:28:23,2020-03-20 14:30:23
190,Euler,2020-03-20 14:28:23,2020-03-20 14:30:23
191,Euphoria,2020-03-20 14:28:23,2020-03-20 14:30:23
192,EusLisp Robot Programming Language,2020-03-20 14:28:23,2020-03-20 14:30:23
193,CMS EXEC (EXEC),2020-03-20 14:28:23,2020-03-20 14:30:23
194,EXEC 2,2020-03-20 14:28:23,2020-03-20 14:30:23
195,Executable UML,2020-03-20 14:28:23,2020-03-20 14:30:23
196,F,2020-03-20 14:28:23,2020-03-20 14:30:23
197,F#,2020-03-20 14:28:23,2020-03-20 14:30:23
198,Factor,2020-03-20 14:28:23,2020-03-20 14:30:23
199,Falcon,2020-03-20 14:28:23,2020-03-20 14:30:23
200,Fantom,2020-03-20 14:28:23,2020-03-20 14:30:23
201,FAUST,2020-03-20 14:28:23,2020-03-20 14:30:23
202,FFP,2020-03-20 14:28:23,2020-03-20 14:30:23
203,Fjölnir,2020-03-20 14:28:23,2020-03-20 14:30:23
204,FL,2020-03-20 14:28:23,2020-03-20 14:30:23
205,Flavors,2020-03-20 14:28:23,2020-03-20 14:30:23
206,Flex,2020-03-20 14:28:23,2020-03-20 14:30:23
207,FlooP,2020-03-20 14:28:23,2020-03-20 14:30:23
208,FLOW-MATIC,2020-03-20 14:28:23,2020-03-20 14:30:23
209,FOCAL,2020-03-20 14:28:23,2020-03-20 14:30:23
210,FOCUS,2020-03-20 14:28:23,2020-03-20 14:30:23
211,FOIL,2020-03-20 14:28:23,2020-03-20 14:30:23
212,FORMAC,2020-03-20 14:28:23,2020-03-20 14:30:23
213,@Formula,2020-03-20 14:28:23,2020-03-20 14:30:23
214,Forth,2020-03-20 14:28:23,2020-03-20 14:30:23
215,Fortran – ISO/IEC 1539,2020-03-20 14:28:23,2020-03-20 14:30:23
216,Fortress,2020-03-20 14:28:23,2020-03-20 14:30:23
217,FoxBase,2020-03-20 14:28:23,2020-03-20 14:30:23
218,FoxPro,2020-03-20 14:28:23,2020-03-20 14:30:23
219,FP,2020-03-20 14:28:23,2020-03-20 14:30:23
220,FPr,2020-03-20 14:28:23,2020-03-20 14:30:23
221,Franz Lisp,2020-03-20 14:28:23,2020-03-20 14:30:23
222,Frege,2020-03-20 14:28:23,2020-03-20 14:30:23
223,F-Script,2020-03-20 14:28:23,2020-03-20 14:30:23
224,G,2020-03-20 14:28:23,2020-03-20 14:30:23
225,Game Maker Language,2020-03-20 14:28:23,2020-03-20 14:30:23
226,GameMonkey Script,2020-03-20 14:28:23,2020-03-20 14:30:23
227,GAMS,2020-03-20 14:28:23,2020-03-20 14:30:23
228,GAP,2020-03-20 14:28:23,2020-03-20 14:30:23
229,G-code,2020-03-20 14:28:23,2020-03-20 14:30:23
230,Genie,2020-03-20 14:28:23,2020-03-20 14:30:23
231,GDL,2020-03-20 14:28:23,2020-03-20 14:30:23
232,GJ,2020-03-20 14:28:23,2020-03-20 14:30:23
233,GEORGE,2020-03-20 14:28:23,2020-03-20 14:30:23
234,GLSL,2020-03-20 14:28:23,2020-03-20 14:30:23
235,GNU E,2020-03-20 14:28:23,2020-03-20 14:30:23
236,GM,2020-03-20 14:28:23,2020-03-20 14:30:23
237,Go,2020-03-20 14:28:23,2020-03-20 14:30:23
238,Go!,2020-03-20 14:28:23,2020-03-20 14:30:23
239,GOAL,2020-03-20 14:28:23,2020-03-20 14:30:23
240,Gödel,2020-03-20 14:28:23,2020-03-20 14:30:23
241,Godiva,2020-03-20 14:28:23,2020-03-20 14:30:23
242,Golo,2020-03-20 14:28:23,2020-03-20 14:30:23
243,GOM (Good Old Mad),2020-03-20 14:28:23,2020-03-20 14:30:23
244,Google Apps Script,2020-03-20 14:28:23,2020-03-20 14:30:23
245,Gosu,2020-03-20 14:28:23,2020-03-20 14:30:23
246,GOTRAN,2020-03-20 14:28:23,2020-03-20 14:30:23
247,GPSS,2020-03-20 14:28:23,2020-03-20 14:30:23
248,GraphTalk,2020-03-20 14:28:23,2020-03-20 14:30:23
249,GRASS,2020-03-20 14:28:23,2020-03-20 14:30:23
250,Groovy,2020-03-20 14:28:23,2020-03-20 14:30:23
251,Hack,2020-03-20 14:28:23,2020-03-20 14:30:23
252,HAL/S,2020-03-20 14:28:23,2020-03-20 14:30:23
253,Hamilton C shell,2020-03-20 14:28:23,2020-03-20 14:30:23
254,Harbour,2020-03-20 14:28:23,2020-03-20 14:30:23
255,Hartmann pipelines,2020-03-20 14:28:23,2020-03-20 14:30:23
256,Haskell,2020-03-20 14:28:23,2020-03-20 14:30:23
257,Haxe,2020-03-20 14:28:23,2020-03-20 14:30:23
258,High Level Assembly,2020-03-20 14:28:23,2020-03-20 14:30:23
259,HLSL,2020-03-20 14:28:23,2020-03-20 14:30:23
260,Hop,2020-03-20 14:28:23,2020-03-20 14:30:23
261,Hopscotch,2020-03-20 14:28:23,2020-03-20 14:30:23
262,Hope,2020-03-20 14:28:23,2020-03-20 14:30:23
263,Hugo,2020-03-20 14:28:23,2020-03-20 14:30:23
264,Hume,2020-03-20 14:28:23,2020-03-20 14:30:23
265,HyperTalk,2020-03-20 14:28:23,2020-03-20 14:30:23
266,IBM Basic assembly language,2020-03-20 14:28:23,2020-03-20 14:30:23
267,IBM HAScript,2020-03-20 14:28:23,2020-03-20 14:30:23
268,IBM Informix-4GL,2020-03-20 14:28:23,2020-03-20 14:30:23
269,IBM RPG,2020-03-20 14:28:23,2020-03-20 14:30:23
270,ICI,2020-03-20 14:28:23,2020-03-20 14:30:23
271,Icon,2020-03-20 14:28:23,2020-03-20 14:30:23
272,Id,2020-03-20 14:28:23,2020-03-20 14:30:23
273,IDL,2020-03-20 14:28:23,2020-03-20 14:30:23
274,Idris,2020-03-20 14:28:23,2020-03-20 14:30:23
275,IMP,2020-03-20 14:28:23,2020-03-20 14:30:23
276,Inform,2020-03-20 14:28:23,2020-03-20 14:30:23
277,Io,2020-03-20 14:28:23,2020-03-20 14:30:23
278,Ioke,2020-03-20 14:28:23,2020-03-20 14:30:23
279,IPL,2020-03-20 14:28:23,2020-03-20 14:30:23
280,IPTSCRAE,2020-03-20 14:28:23,2020-03-20 14:30:23
281,ISLISP,2020-03-20 14:28:23,2020-03-20 14:30:23
282,ISPF,2020-03-20 14:28:23,2020-03-20 14:30:23
283,ISWIM,2020-03-20 14:28:23,2020-03-20 14:30:23
284,J,2020-03-20 14:28:23,2020-03-20 14:30:23
285,J#,2020-03-20 14:28:23,2020-03-20 14:30:23
286,J++,2020-03-20 14:28:23,2020-03-20 14:30:23
287,JADE,2020-03-20 14:28:23,2020-03-20 14:30:23
288,Jako,2020-03-20 14:28:23,2020-03-20 14:30:23
289,JAL,2020-03-20 14:28:23,2020-03-20 14:30:23
290,Janus (concurrent constraint programming language),2020-03-20 14:28:23,2020-03-20 14:30:23
291,Janus (time-reversible computing programming language),2020-03-20 14:28:23,2020-03-20 14:30:23
292,JASS,2020-03-20 14:28:23,2020-03-20 14:30:23
293,Java,2020-03-20 14:28:23,2020-03-20 14:30:23
294,JavaScript,2020-03-20 14:28:23,2020-03-20 14:30:23
295,JCL,2020-03-20 14:28:23,2020-03-20 14:30:23
296,JEAN,2020-03-20 14:28:23,2020-03-20 14:30:23
297,Join Java,2020-03-20 14:28:23,2020-03-20 14:30:23
298,JOSS,2020-03-20 14:28:23,2020-03-20 14:30:23
299,Joule,2020-03-20 14:28:23,2020-03-20 14:30:23
300,JOVIAL,2020-03-20 14:28:23,2020-03-20 14:30:23
301,Joy,2020-03-20 14:28:23,2020-03-20 14:30:23
302,JScript,2020-03-20 14:28:23,2020-03-20 14:30:23
303,JScript .NET,2020-03-20 14:28:23,2020-03-20 14:30:23
304,JavaFX Script,2020-03-20 14:28:23,2020-03-20 14:30:23
305,Julia,2020-03-20 14:28:23,2020-03-20 14:30:23
306,Jython,2020-03-20 14:28:23,2020-03-20 14:30:23
307,K,2020-03-20 14:28:23,2020-03-20 14:30:23
308,Kaleidoscope,2020-03-20 14:28:23,2020-03-20 14:30:23
309,Karel,2020-03-20 14:28:23,2020-03-20 14:30:23
310,Karel++,2020-03-20 14:28:23,2020-03-20 14:30:23
311,KEE,2020-03-20 14:28:23,2020-03-20 14:30:23
312,Kixtart,2020-03-20 14:28:23,2020-03-20 14:30:23
313,Klerer-May System,2020-03-20 14:28:23,2020-03-20 14:30:23
314,KIF,2020-03-20 14:28:23,2020-03-20 14:30:23
315,Kojo,2020-03-20 14:28:23,2020-03-20 14:30:23
316,Kotlin,2020-03-20 14:28:23,2020-03-20 14:30:23
317,KRC,2020-03-20 14:28:23,2020-03-20 14:30:23
318,KRL,2020-03-20 14:28:23,2020-03-20 14:30:23
319,KUKA Robot Language),2020-03-20 14:28:23,2020-03-20 14:30:23
320,KRYPTON,2020-03-20 14:28:23,2020-03-20 14:30:23
321,ksh,2020-03-20 14:28:23,2020-03-20 14:30:23
322,L,2020-03-20 14:28:23,2020-03-20 14:30:23
323,L# .NET,2020-03-20 14:28:23,2020-03-20 14:30:23
324,LabVIEW,2020-03-20 14:28:23,2020-03-20 14:30:23
325,Ladder,2020-03-20 14:28:23,2020-03-20 14:30:23
326,Lagoona,2020-03-20 14:28:23,2020-03-20 14:30:23
327,LANSA,2020-03-20 14:28:23,2020-03-20 14:30:23
328,Lasso,2020-03-20 14:28:23,2020-03-20 14:30:23
329,LaTeX,2020-03-20 14:28:23,2020-03-20 14:30:23
330,Lava,2020-03-20 14:28:23,2020-03-20 14:30:23
331,LC-3,2020-03-20 14:28:23,2020-03-20 14:30:23
332,Leda,2020-03-20 14:28:23,2020-03-20 14:30:23
333,Legoscript,2020-03-20 14:28:23,2020-03-20 14:30:23
334,LIL,2020-03-20 14:28:23,2020-03-20 14:30:23
335,LilyPond,2020-03-20 14:28:23,2020-03-20 14:30:23
336,Limbo,2020-03-20 14:28:23,2020-03-20 14:30:23
337,Limnor,2020-03-20 14:28:23,2020-03-20 14:30:23
338,LINC,2020-03-20 14:28:23,2020-03-20 14:30:23
339,Lingo,2020-03-20 14:28:23,2020-03-20 14:30:23
340,LIS,2020-03-20 14:28:23,2020-03-20 14:30:23
341,LISA,2020-03-20 14:28:23,2020-03-20 14:30:23
342,Lisaac,2020-03-20 14:28:23,2020-03-20 14:30:23
343,Lisp – ISO/IEC 13816,2020-03-20 14:28:23,2020-03-20 14:30:23
344,Lite-C,2020-03-20 14:28:23,2020-03-20 14:30:23
345,Lithe,2020-03-20 14:28:23,2020-03-20 14:30:23
346,Little b,2020-03-20 14:28:23,2020-03-20 14:30:23
347,Logo,2020-03-20 14:28:23,2020-03-20 14:30:23
348,Logtalk,2020-03-20 14:28:23,2020-03-20 14:30:23
349,LotusScript,2020-03-20 14:28:23,2020-03-20 14:30:23
350,LPC,2020-03-20 14:28:23,2020-03-20 14:30:23
351,LSE,2020-03-20 14:28:23,2020-03-20 14:30:23
352,LSL,2020-03-20 14:28:23,2020-03-20 14:30:23
353,LiveCode,2020-03-20 14:28:23,2020-03-20 14:30:23
354,LiveScript,2020-03-20 14:28:23,2020-03-20 14:30:23
355,Lua,2020-03-20 14:28:23,2020-03-20 14:30:23
356,Lucid,2020-03-20 14:28:23,2020-03-20 14:30:23
357,Lustre,2020-03-20 14:28:23,2020-03-20 14:30:23
358,LYaPAS,2020-03-20 14:28:23,2020-03-20 14:30:23
359,Lynx,2020-03-20 14:28:23,2020-03-20 14:30:23
360,M2001,2020-03-20 14:28:23,2020-03-20 14:30:23
361,MarsCode (programming language),2020-03-20 14:28:23,2020-03-20 14:30:23
362,M4,2020-03-20 14:28:23,2020-03-20 14:30:23
363,M#,2020-03-20 14:28:23,2020-03-20 14:30:23
364,Machine code,2020-03-20 14:28:23,2020-03-20 14:30:23
365,MAD (Michigan Algorithm Decoder),2020-03-20 14:28:23,2020-03-20 14:30:23
366,MAD/I,2020-03-20 14:28:23,2020-03-20 14:30:23
367,Magik,2020-03-20 14:28:23,2020-03-20 14:30:23
368,Magma,2020-03-20 14:28:23,2020-03-20 14:30:23
369,make,2020-03-20 14:28:23,2020-03-20 14:30:23
370,Maple,2020-03-20 14:28:23,2020-03-20 14:30:23
371,MAPPER now part of BIS,2020-03-20 14:28:23,2020-03-20 14:30:23
372,MARK-IV now VISION:BUILDER,2020-03-20 14:28:23,2020-03-20 14:30:23
373,Mary,2020-03-20 14:28:23,2020-03-20 14:30:23
374,MASM Microsoft Assembly x86,2020-03-20 14:28:23,2020-03-20 14:30:23
375,MATH-MATIC,2020-03-20 14:28:23,2020-03-20 14:30:23
376,Mathematica,2020-03-20 14:28:23,2020-03-20 14:30:23
377,MATLAB,2020-03-20 14:28:23,2020-03-20 14:30:23
378,Maxima (see also,2020-03-20 14:28:23,2020-03-20 14:30:23
379,Macsyma ),2020-03-20 14:28:23,2020-03-20 14:30:23
380,Max (Max Msp – Graphical Programming Environment),2020-03-20 14:28:23,2020-03-20 14:30:23
381,MaxScript internal language 3D Studio Max,2020-03-20 14:28:23,2020-03-20 14:30:23
382,Maya (MEL),2020-03-20 14:28:23,2020-03-20 14:30:23
383,MDL,2020-03-20 14:28:23,2020-03-20 14:30:23
384,Mercury,2020-03-20 14:28:23,2020-03-20 14:30:23
385,Mesa,2020-03-20 14:28:23,2020-03-20 14:30:23
386,Metacard,2020-03-20 14:28:23,2020-03-20 14:30:23
387,Metafont,2020-03-20 14:28:23,2020-03-20 14:30:23
388,Microcode,2020-03-20 14:28:23,2020-03-20 14:30:23
389,MicroScript,2020-03-20 14:28:23,2020-03-20 14:30:23
390,MIIS,2020-03-20 14:28:23,2020-03-20 14:30:23
391,MillScript,2020-03-20 14:28:23,2020-03-20 14:30:23
392,MIMIC,2020-03-20 14:28:23,2020-03-20 14:30:23
393,Mirah,2020-03-20 14:28:23,2020-03-20 14:30:23
394,Miranda,2020-03-20 14:28:23,2020-03-20 14:30:23
395,MIVA Script,2020-03-20 14:28:23,2020-03-20 14:30:23
396,ML,2020-03-20 14:28:23,2020-03-20 14:30:23
397,Moby,2020-03-20 14:28:23,2020-03-20 14:30:23
398,Model 204,2020-03-20 14:28:23,2020-03-20 14:30:23
399,Modelica,2020-03-20 14:28:23,2020-03-20 14:30:23
400,Modula,2020-03-20 14:28:23,2020-03-20 14:30:23
401,Modula-2,2020-03-20 14:28:23,2020-03-20 14:30:23
402,Modula-3,2020-03-20 14:28:23,2020-03-20 14:30:23
403,Mohol,2020-03-20 14:28:23,2020-03-20 14:30:23
404,MOO,2020-03-20 14:28:23,2020-03-20 14:30:23
405,Mortran,2020-03-20 14:28:23,2020-03-20 14:30:23
406,Mouse,2020-03-20 14:28:23,2020-03-20 14:30:23
407,MPD,2020-03-20 14:28:23,2020-03-20 14:30:23
408,CIL,2020-03-20 14:28:23,2020-03-20 14:30:23
409,MSL,2020-03-20 14:28:23,2020-03-20 14:30:23
410,MUMPS,2020-03-20 14:28:23,2020-03-20 14:30:23
411,Mystic Programming Language (MPL),2020-03-20 14:28:23,2020-03-20 14:30:23
412,NASM,2020-03-20 14:28:23,2020-03-20 14:30:23
413,Napier88,2020-03-20 14:28:23,2020-03-20 14:30:23
414,Neko,2020-03-20 14:28:23,2020-03-20 14:30:23
415,Nemerle,2020-03-20 14:28:23,2020-03-20 14:30:23
416,nesC,2020-03-20 14:28:23,2020-03-20 14:30:23
417,NESL,2020-03-20 14:28:23,2020-03-20 14:30:23
418,Net.Data,2020-03-20 14:28:23,2020-03-20 14:30:23
419,NetLogo,2020-03-20 14:28:23,2020-03-20 14:30:23
420,NetRexx,2020-03-20 14:28:23,2020-03-20 14:30:23
421,NewLISP,2020-03-20 14:28:23,2020-03-20 14:30:23
422,NEWP,2020-03-20 14:28:23,2020-03-20 14:30:23
423,Newspeak,2020-03-20 14:28:23,2020-03-20 14:30:23
424,NewtonScript,2020-03-20 14:28:23,2020-03-20 14:30:23
425,NGL,2020-03-20 14:28:23,2020-03-20 14:30:23
426,Nial,2020-03-20 14:28:23,2020-03-20 14:30:23
427,Nice,2020-03-20 14:28:23,2020-03-20 14:30:23
428,Nickle,2020-03-20 14:28:23,2020-03-20 14:30:23
429,Nim,2020-03-20 14:28:23,2020-03-20 14:30:23
430,NPL,2020-03-20 14:28:23,2020-03-20 14:30:23
431,Not eXactly C (NXC),2020-03-20 14:28:23,2020-03-20 14:30:23
432,Not Quite C (NQC),2020-03-20 14:28:23,2020-03-20 14:30:23
433,NSIS,2020-03-20 14:28:23,2020-03-20 14:30:23
434,Nu,2020-03-20 14:28:23,2020-03-20 14:30:23
435,NWScript,2020-03-20 14:28:23,2020-03-20 14:30:23
436,NXT-G,2020-03-20 14:28:23,2020-03-20 14:30:23
437,o:XML,2020-03-20 14:28:23,2020-03-20 14:30:23
438,Oak,2020-03-20 14:28:23,2020-03-20 14:30:23
439,Oberon,2020-03-20 14:28:23,2020-03-20 14:30:23
440,OBJ2,2020-03-20 14:28:23,2020-03-20 14:30:23
441,Object Lisp,2020-03-20 14:28:23,2020-03-20 14:30:23
442,ObjectLOGO,2020-03-20 14:28:23,2020-03-20 14:30:23
443,Object REXX,2020-03-20 14:28:23,2020-03-20 14:30:23
444,Object Pascal,2020-03-20 14:28:23,2020-03-20 14:30:23
445,Objective-C,2020-03-20 14:28:23,2020-03-20 14:30:23
446,Objective-J,2020-03-20 14:28:23,2020-03-20 14:30:23
447,Obliq,2020-03-20 14:28:23,2020-03-20 14:30:23
448,OCaml,2020-03-20 14:28:23,2020-03-20 14:30:23
449,occam,2020-03-20 14:28:23,2020-03-20 14:30:23
450,occam-π,2020-03-20 14:28:23,2020-03-20 14:30:23
451,Octave,2020-03-20 14:28:23,2020-03-20 14:30:23
452,OmniMark,2020-03-20 14:28:23,2020-03-20 14:30:23
453,Onyx,2020-03-20 14:28:23,2020-03-20 14:30:23
454,Opa,2020-03-20 14:28:23,2020-03-20 14:30:23
455,Opal,2020-03-20 14:28:23,2020-03-20 14:30:23
456,OpenCL,2020-03-20 14:28:23,2020-03-20 14:30:23
457,OpenEdge ABL,2020-03-20 14:28:23,2020-03-20 14:30:23
458,OPL,2020-03-20 14:28:23,2020-03-20 14:30:23
459,OPS5,2020-03-20 14:28:23,2020-03-20 14:30:23
460,OptimJ,2020-03-20 14:28:23,2020-03-20 14:30:23
461,Orc,2020-03-20 14:28:23,2020-03-20 14:30:23
462,ORCA/Modula-2,2020-03-20 14:28:23,2020-03-20 14:30:23
463,Oriel,2020-03-20 14:28:23,2020-03-20 14:30:23
464,Orwell,2020-03-20 14:28:23,2020-03-20 14:30:23
465,Oxygene,2020-03-20 14:28:23,2020-03-20 14:30:23
466,Oz,2020-03-20 14:28:23,2020-03-20 14:30:23
467,P′′,2020-03-20 14:28:23,2020-03-20 14:30:23
468,P#,2020-03-20 14:28:23,2020-03-20 14:30:23
469,ParaSail (programming language),2020-03-20 14:28:23,2020-03-20 14:30:23
470,PARI/GP,2020-03-20 14:28:23,2020-03-20 14:30:23
471,Pascal – ISO 7185,2020-03-20 14:28:23,2020-03-20 14:30:23
472,PCASTL,2020-03-20 14:28:23,2020-03-20 14:30:23
473,PCF,2020-03-20 14:28:23,2020-03-20 14:30:23
474,PEARL,2020-03-20 14:28:23,2020-03-20 14:30:23
475,PeopleCode,2020-03-20 14:28:23,2020-03-20 14:30:23
476,Perl,2020-03-20 14:28:23,2020-03-20 14:30:23
477,PDL,2020-03-20 14:28:23,2020-03-20 14:30:23
478,Perl6,2020-03-20 14:28:23,2020-03-20 14:30:23
479,Pharo,2020-03-20 14:28:23,2020-03-20 14:30:23
480,PHP,2020-03-20 14:28:23,2020-03-20 14:30:23
481,Phrogram,2020-03-20 14:28:23,2020-03-20 14:30:23
482,Pico,2020-03-20 14:28:23,2020-03-20 14:30:23
483,Picolisp,2020-03-20 14:28:23,2020-03-20 14:30:23
484,Pict,2020-03-20 14:28:23,2020-03-20 14:30:23
485,Pike,2020-03-20 14:28:23,2020-03-20 14:30:23
486,PIKT,2020-03-20 14:28:23,2020-03-20 14:30:23
487,PILOT,2020-03-20 14:28:23,2020-03-20 14:30:23
488,Pipelines,2020-03-20 14:28:23,2020-03-20 14:30:23
489,Pizza,2020-03-20 14:28:23,2020-03-20 14:30:23
490,PL-11,2020-03-20 14:28:23,2020-03-20 14:30:23
491,PL/0,2020-03-20 14:28:23,2020-03-20 14:30:23
492,PL/B,2020-03-20 14:28:23,2020-03-20 14:30:23
493,PL/C,2020-03-20 14:28:23,2020-03-20 14:30:23
494,PL/I – ISO 6160,2020-03-20 14:28:23,2020-03-20 14:30:23
495,PL/M,2020-03-20 14:28:23,2020-03-20 14:30:23
496,PL/P,2020-03-20 14:28:23,2020-03-20 14:30:23
497,PL/SQL,2020-03-20 14:28:23,2020-03-20 14:30:23
498,PL360,2020-03-20 14:28:23,2020-03-20 14:30:23
499,PLANC,2020-03-20 14:28:23,2020-03-20 14:30:23
500,Plankalkül,2020-03-20 14:28:23,2020-03-20 14:30:23
501,Planner,2020-03-20 14:28:23,2020-03-20 14:30:23
502,PLEX,2020-03-20 14:28:23,2020-03-20 14:30:23
503,PLEXIL,2020-03-20 14:28:23,2020-03-20 14:30:23
504,Plus,2020-03-20 14:28:23,2020-03-20 14:30:23
505,POP-11,2020-03-20 14:28:23,2020-03-20 14:30:23
506,PostScript,2020-03-20 14:28:23,2020-03-20 14:30:23
507,PortablE,2020-03-20 14:28:23,2020-03-20 14:30:23
508,Powerhouse,2020-03-20 14:28:23,2020-03-20 14:30:23
509,PowerBuilder – 4GL GUI applcation generator from Sybase,2020-03-20 14:28:23,2020-03-20 14:30:23
510,PowerShell,2020-03-20 14:28:23,2020-03-20 14:30:23
511,PPL,2020-03-20 14:28:23,2020-03-20 14:30:23
512,Processing,2020-03-20 14:28:23,2020-03-20 14:30:23
513,Processing.js,2020-03-20 14:28:23,2020-03-20 14:30:23
514,Prograph,2020-03-20 14:28:23,2020-03-20 14:30:23
515,PROIV,2020-03-20 14:28:23,2020-03-20 14:30:23
516,Prolog,2020-03-20 14:28:23,2020-03-20 14:30:23
517,PROMAL,2020-03-20 14:28:23,2020-03-20 14:30:23
518,Promela,2020-03-20 14:28:23,2020-03-20 14:30:23
519,PROSE modeling language,2020-03-20 14:28:23,2020-03-20 14:30:23
520,PROTEL,2020-03-20 14:28:23,2020-03-20 14:30:23
521,ProvideX,2020-03-20 14:28:23,2020-03-20 14:30:23
522,Pro*C,2020-03-20 14:28:23,2020-03-20 14:30:23
523,Pure,2020-03-20 14:28:23,2020-03-20 14:30:23
524,Python,2020-03-20 14:28:23,2020-03-20 14:30:23
525,Q (equational programming language),2020-03-20 14:28:23,2020-03-20 14:30:23
526,Q (programming language from Kx Systems),2020-03-20 14:28:23,2020-03-20 14:30:23
527,Qalb,2020-03-20 14:28:23,2020-03-20 14:30:23
528,QtScript,2020-03-20 14:28:23,2020-03-20 14:30:23
529,QuakeC,2020-03-20 14:28:23,2020-03-20 14:30:23
530,QPL,2020-03-20 14:28:23,2020-03-20 14:30:23
531,R,2020-03-20 14:28:23,2020-03-20 14:30:23
532,R++,2020-03-20 14:28:23,2020-03-20 14:30:23
533,Racket,2020-03-20 14:28:23,2020-03-20 14:30:23
534,RAPID,2020-03-20 14:28:23,2020-03-20 14:30:23
535,Rapira,2020-03-20 14:28:23,2020-03-20 14:30:23
536,Ratfiv,2020-03-20 14:28:23,2020-03-20 14:30:23
537,Ratfor,2020-03-20 14:28:23,2020-03-20 14:30:23
538,rc,2020-03-20 14:28:23,2020-03-20 14:30:23
539,REBOL,2020-03-20 14:28:23,2020-03-20 14:30:23
540,Red,2020-03-20 14:28:23,2020-03-20 14:30:23
541,Redcode,2020-03-20 14:28:23,2020-03-20 14:30:23
542,REFAL,2020-03-20 14:28:23,2020-03-20 14:30:23
543,Reia,2020-03-20 14:28:23,2020-03-20 14:30:23
544,Revolution,2020-03-20 14:28:23,2020-03-20 14:30:23
545,REXX,2020-03-20 14:28:23,2020-03-20 14:30:23
546,Rlab,2020-03-20 14:28:23,2020-03-20 14:30:23
547,ROOP,2020-03-20 14:28:23,2020-03-20 14:30:23
548,RPG,2020-03-20 14:28:23,2020-03-20 14:30:23
549,RPL,2020-03-20 14:28:23,2020-03-20 14:30:23
550,RSL,2020-03-20 14:28:23,2020-03-20 14:30:23
551,RTL/2,2020-03-20 14:28:23,2020-03-20 14:30:23
552,Ruby,2020-03-20 14:28:23,2020-03-20 14:30:23
553,RuneScript,2020-03-20 14:28:23,2020-03-20 14:30:23
554,Rust,2020-03-20 14:28:23,2020-03-20 14:30:23
555,S,2020-03-20 14:28:23,2020-03-20 14:30:23
556,S2,2020-03-20 14:28:23,2020-03-20 14:30:23
557,S3,2020-03-20 14:28:23,2020-03-20 14:30:23
558,S-Lang,2020-03-20 14:28:23,2020-03-20 14:30:23
559,S-PLUS,2020-03-20 14:28:23,2020-03-20 14:30:23
560,SA-C,2020-03-20 14:28:23,2020-03-20 14:30:23
561,SabreTalk,2020-03-20 14:28:23,2020-03-20 14:30:23
562,SAIL,2020-03-20 14:28:23,2020-03-20 14:30:23
563,SALSA,2020-03-20 14:28:23,2020-03-20 14:30:23
564,SAM76,2020-03-20 14:28:23,2020-03-20 14:30:23
565,SAS,2020-03-20 14:28:23,2020-03-20 14:30:23
566,SASL,2020-03-20 14:28:23,2020-03-20 14:30:23
567,Sather,2020-03-20 14:28:23,2020-03-20 14:30:23
568,Sawzall,2020-03-20 14:28:23,2020-03-20 14:30:23
569,SBL,2020-03-20 14:28:23,2020-03-20 14:30:23
570,Scala,2020-03-20 14:28:23,2020-03-20 14:30:23
571,Scheme,2020-03-20 14:28:23,2020-03-20 14:30:23
572,Scilab,2020-03-20 14:28:23,2020-03-20 14:30:23
573,Scratch,2020-03-20 14:28:23,2020-03-20 14:30:23
574,Script.NET,2020-03-20 14:28:23,2020-03-20 14:30:23
575,Sed,2020-03-20 14:28:23,2020-03-20 14:30:23
576,Seed7,2020-03-20 14:28:23,2020-03-20 14:30:23
577,Self,2020-03-20 14:28:23,2020-03-20 14:30:23
578,SenseTalk,2020-03-20 14:28:23,2020-03-20 14:30:23
579,SequenceL,2020-03-20 14:28:23,2020-03-20 14:30:23
580,SETL,2020-03-20 14:28:23,2020-03-20 14:30:23
581,SIMPOL,2020-03-20 14:28:23,2020-03-20 14:30:23
582,SIGNAL,2020-03-20 14:28:23,2020-03-20 14:30:23
583,SiMPLE,2020-03-20 14:28:23,2020-03-20 14:30:23
584,SIMSCRIPT,2020-03-20 14:28:23,2020-03-20 14:30:23
585,Simula,2020-03-20 14:28:23,2020-03-20 14:30:23
586,Simulink,2020-03-20 14:28:23,2020-03-20 14:30:23
587,SISAL,2020-03-20 14:28:23,2020-03-20 14:30:23
588,SLIP,2020-03-20 14:28:23,2020-03-20 14:30:23
589,SMALL,2020-03-20 14:28:23,2020-03-20 14:30:23
590,Smalltalk,2020-03-20 14:28:23,2020-03-20 14:30:23
591,Small Basic,2020-03-20 14:28:23,2020-03-20 14:30:23
592,SML,2020-03-20 14:28:23,2020-03-20 14:30:23
593,Snap!,2020-03-20 14:28:23,2020-03-20 14:30:23
594,SNOBOL (,2020-03-20 14:28:23,2020-03-20 14:30:23
595,SPITBOL ),2020-03-20 14:28:23,2020-03-20 14:30:23
596,Snowball,2020-03-20 14:28:23,2020-03-20 14:30:23
597,SOL,2020-03-20 14:28:23,2020-03-20 14:30:23
598,Span,2020-03-20 14:28:23,2020-03-20 14:30:23
599,SPARK,2020-03-20 14:28:23,2020-03-20 14:30:23
600,Speedcode,2020-03-20 14:28:23,2020-03-20 14:30:23
601,SPIN,2020-03-20 14:28:23,2020-03-20 14:30:23
602,SP/k,2020-03-20 14:28:23,2020-03-20 14:30:23
603,SPS,2020-03-20 14:28:23,2020-03-20 14:30:23
604,SQR,2020-03-20 14:28:23,2020-03-20 14:30:23
605,Squeak,2020-03-20 14:28:23,2020-03-20 14:30:23
606,Squirrel,2020-03-20 14:28:23,2020-03-20 14:30:23
607,SR,2020-03-20 14:28:23,2020-03-20 14:30:23
608,S/SL,2020-03-20 14:28:23,2020-03-20 14:30:23
609,Stackless Python,2020-03-20 14:28:23,2020-03-20 14:30:23
610,Starlogo,2020-03-20 14:28:23,2020-03-20 14:30:23
611,Strand,2020-03-20 14:28:23,2020-03-20 14:30:23
612,Stata,2020-03-20 14:28:23,2020-03-20 14:30:23
613,Stateflow,2020-03-20 14:28:23,2020-03-20 14:30:23
614,Subtext,2020-03-20 14:28:23,2020-03-20 14:30:23
615,SuperCollider,2020-03-20 14:28:23,2020-03-20 14:30:23
616,SuperTalk,2020-03-20 14:28:23,2020-03-20 14:30:23
617,Swift (Apple programming language),2020-03-20 14:28:23,2020-03-20 14:30:23
618,Swift (parallel scripting language),2020-03-20 14:28:23,2020-03-20 14:30:23
619,SYMPL,2020-03-20 14:28:23,2020-03-20 14:30:23
620,SyncCharts,2020-03-20 14:28:23,2020-03-20 14:30:23
621,SystemVerilog,2020-03-20 14:28:23,2020-03-20 14:30:23
622,T,2020-03-20 14:28:23,2020-03-20 14:30:23
623,TACL,2020-03-20 14:28:23,2020-03-20 14:30:23
624,TACPOL,2020-03-20 14:28:23,2020-03-20 14:30:23
625,TADS,2020-03-20 14:28:23,2020-03-20 14:30:23
626,TAL,2020-03-20 14:28:23,2020-03-20 14:30:23
627,Tcl,2020-03-20 14:28:23,2020-03-20 14:30:23
628,Tea,2020-03-20 14:28:23,2020-03-20 14:30:23
629,TECO,2020-03-20 14:28:23,2020-03-20 14:30:23
630,TELCOMP,2020-03-20 14:28:23,2020-03-20 14:30:23
631,TeX,2020-03-20 14:28:23,2020-03-20 14:30:23
632,TEX,2020-03-20 14:28:23,2020-03-20 14:30:23
633,TIE,2020-03-20 14:28:23,2020-03-20 14:30:23
634,Timber,2020-03-20 14:28:23,2020-03-20 14:30:23
635,"TMG , compiler-compiler",2020-03-20 14:28:23,2020-03-20 14:30:23
636,Tom,2020-03-20 14:28:23,2020-03-20 14:30:23
637,TOM,2020-03-20 14:28:23,2020-03-20 14:30:23
638,TouchDevelop,2020-03-20 14:28:23,2020-03-20 14:30:23
639,Topspeed,2020-03-20 14:28:23,2020-03-20 14:30:23
640,TPU,2020-03-20 14:28:23,2020-03-20 14:30:23
641,Trac,2020-03-20 14:28:23,2020-03-20 14:30:23
642,TTM,2020-03-20 14:28:23,2020-03-20 14:30:23
643,T-SQL,2020-03-20 14:28:23,2020-03-20 14:30:23
644,TTCN,2020-03-20 14:28:23,2020-03-20 14:30:23
645,Turing,2020-03-20 14:28:23,2020-03-20 14:30:23
646,TUTOR,2020-03-20 14:28:23,2020-03-20 14:30:23
647,TXL,2020-03-20 14:28:23,2020-03-20 14:30:23
648,TypeScript,2020-03-20 14:28:23,2020-03-20 14:30:23
649,Turbo C++,2020-03-20 14:28:23,2020-03-20 14:30:23
650,Ubercode,2020-03-20 14:28:23,2020-03-20 14:30:23
651,UCSD Pascal,2020-03-20 14:28:23,2020-03-20 14:30:23
652,Umple,2020-03-20 14:28:23,2020-03-20 14:30:23
653,Unicon,2020-03-20 14:28:23,2020-03-20 14:30:23
654,Uniface,2020-03-20 14:28:23,2020-03-20 14:30:23
655,UNITY,2020-03-20 14:28:23,2020-03-20 14:30:23
656,Unix shell,2020-03-20 14:28:23,2020-03-20 14:30:23
657,UnrealScript,2020-03-20 14:28:23,2020-03-20 14:30:23
658,Vala,2020-03-20 14:28:23,2020-03-20 14:30:23
659,Visual DataFlex,2020-03-20 14:28:23,2020-03-20 14:30:23
660,Visual DialogScript,2020-03-20 14:28:23,2020-03-20 14:30:23
661,Visual Fortran,2020-03-20 14:28:23,2020-03-20 14:30:23
662,Visual FoxPro,2020-03-20 14:28:23,2020-03-20 14:30:23
663,Visual J++,2020-03-20 14:28:23,2020-03-20 14:30:23
664,Visual J#,2020-03-20 14:28:23,2020-03-20 14:30:23
665,Visual Objects,2020-03-20 14:28:23,2020-03-20 14:30:23
666,Visual Prolog,2020-03-20 14:28:23,2020-03-20 14:30:23
667,VSXu,2020-03-20 14:28:23,2020-03-20 14:30:23
668,vvvv,2020-03-20 14:28:23,2020-03-20 14:30:23
669,"WATFIV, WATFOR",2020-03-20 14:28:23,2020-03-20 14:30:23
670,WebDNA,2020-03-20 14:28:23,2020-03-20 14:30:23
671,WebQL,2020-03-20 14:28:23,2020-03-20 14:30:23
672,Whiley,2020-03-20 14:28:23,2020-03-20 14:30:23
673,Windows PowerShell,2020-03-20 14:28:23,2020-03-20 14:30:23
674,Winbatch,2020-03-20 14:28:23,2020-03-20 14:30:23
675,Wolfram Language,2020-03-20 14:28:23,2020-03-20 14:30:23
676,Wyvern,2020-03-20 14:28:23,2020-03-20 14:30:23
677,X++,2020-03-20 14:28:23,2020-03-20 14:30:23
678,X#,2020-03-20 14:28:23,2020-03-20 14:30:23
679,X10,2020-03-20 14:28:23,2020-03-20 14:30:23
680,XBL,2020-03-20 14:28:23,2020-03-20 14:30:23
681,XC (exploits,2020-03-20 14:28:23,2020-03-20 14:30:23
682,XMOS architecture ),2020-03-20 14:28:23,2020-03-20 14:30:23
683,xHarbour,2020-03-20 14:28:23,2020-03-20 14:30:23
684,XL,2020-03-20 14:28:23,2020-03-20 14:30:23
685,Xojo,2020-03-20 14:28:23,2020-03-20 14:30:23
686,XOTcl,2020-03-20 14:28:23,2020-03-20 14:30:23
687,XPL,2020-03-20 14:28:23,2020-03-20 14:30:23
688,XPL0,2020-03-20 14:28:23,2020-03-20 14:30:23
689,XQuery,2020-03-20 14:28:23,2020-03-20 14:30:23
690,XSB,2020-03-20 14:28:23,2020-03-20 14:30:23
691,XSLT – see,2020-03-20 14:28:23,2020-03-20 14:30:23
692,XPath,2020-03-20 14:28:23,2020-03-20 14:30:23
693,Xtend,2020-03-20 14:28:23,2020-03-20 14:30:23
694,Yorick,2020-03-20 14:28:23,2020-03-20 14:30:23
695,YQL,2020-03-20 14:28:23,2020-03-20 14:30:23
696,Z notation,2020-03-20 14:28:23,2020-03-20 14:30:23
697,Zeno,2020-03-20 14:28:23,2020-03-20 14:30:23
698,ZOPL,2020-03-20 14:28:23,2020-03-20 14:30:23
699,Zsh,2020-03-20 14:28:23,2020-03-20 14:30:23
700,ZPL,2020-03-20 14:28:23,2020-03-20 14:30:23